model,case_id,annotation_file,body_file,row_idx,event,time,auto_found,match_type,matched_variant,evidence_sentence_idx,evidence_text,similarity_if_unfound,manual_label,manual_notes
dsr1,PMC10370906_body,/mnt/c/Research/textual-time-series-for-sepsis/new_analysis/chil2026_rebuttal/sepsis-40_dsr1_tts/PMC10370906_body.csv,/mnt/c/Research/textual-time-series-for-sepsis/chil_stts/sepsis-10/body/PMC10370906_body.txt,22,cerebral angiography on day 3,72,0,not_found_auto,cerebral angiography on day 3,31,4 3D rotation angiography of the left internal carotid artery.,0.4667,,
dsr1,PMC10370906_body,/mnt/c/Research/textual-time-series-for-sepsis/new_analysis/chil2026_rebuttal/sepsis-40_dsr1_tts/PMC10370906_body.csv,/mnt/c/Research/textual-time-series-for-sepsis/chil_stts/sepsis-10/body/PMC10370906_body.txt,31,guide wire used,72,0,not_found_auto,guide wire used,5,Chief complaint: Impaired consciousness,0.3774,,
dsr1,PMC10370906_body,/mnt/c/Research/textual-time-series-for-sepsis/new_analysis/chil2026_rebuttal/sepsis-40_dsr1_tts/PMC10370906_body.csv,/mnt/c/Research/textual-time-series-for-sepsis/chil_stts/sepsis-10/body/PMC10370906_body.txt,40,unable to advance near aneurysm,72,0,not_found_auto,unable to advance near aneurysm,75,Table 1 Previous reports on distal mLSA aneurysms,0.475,,
dsr1,PMC10370906_body,/mnt/c/Research/textual-time-series-for-sepsis/new_analysis/chil2026_rebuttal/sepsis-40_dsr1_tts/PMC10370906_body.csv,/mnt/c/Research/textual-time-series-for-sepsis/chil_stts/sepsis-10/body/PMC10370906_body.txt,41,DeFrictor nano catheter and TENROU S10 guide wire used,72,0,not_found_auto,defrictor nano catheter and tenrou s10 guide wire used,41,"After changing to a combination of a DeFrictor nano catheter (Medico’s Hirata, Osaka, Japan) and TENROU S10 (Kaneka Medix, Osaka, Japan) guide wire, mLSA cannulation was possible.",0.4753,,
dsr1,PMC10370906_body,/mnt/c/Research/textual-time-series-for-sepsis/new_analysis/chil2026_rebuttal/sepsis-40_dsr1_tts/PMC10370906_body.csv,/mnt/c/Research/textual-time-series-for-sepsis/chil_stts/sepsis-10/body/PMC10370906_body.txt,47,aneurysm disappeared on angiography,72,0,not_found_auto,aneurysm disappeared angiography,29,A saccular aneurysm is observed adjacent to the lateral ventricle (arrowheads).,0.4074,,
dsr1,PMC10370906_body,/mnt/c/Research/textual-time-series-for-sepsis/new_analysis/chil2026_rebuttal/sepsis-40_dsr1_tts/PMC10370906_body.csv,/mnt/c/Research/textual-time-series-for-sepsis/chil_stts/sepsis-10/body/PMC10370906_body.txt,48,postoperative head CT showed no hemorrhagic complications or cerebral infarction,72,0,not_found_auto,postoperative head ct showed no hemorrhagic complications or cerebral infarction,51,Course: There were no signs of hemorrhagic complications or cerebral infarction on the postoperative head CT.,0.6524,,
dsr1,PMC10370906_body,/mnt/c/Research/textual-time-series-for-sepsis/new_analysis/chil2026_rebuttal/sepsis-40_dsr1_tts/PMC10370906_body.csv,/mnt/c/Research/textual-time-series-for-sepsis/chil_stts/sepsis-10/body/PMC10370906_body.txt,49,no impaired consciousness or paralysis,72,0,not_found_auto,no impaired consciousness or paralysis,52,Neither impaired consciousness nor paralysis developed.,0.8043,,
dsr1,PMC10370906_body,/mnt/c/Research/textual-time-series-for-sepsis/new_analysis/chil2026_rebuttal/sepsis-40_dsr1_tts/PMC10370906_body.csv,/mnt/c/Research/textual-time-series-for-sepsis/chil_stts/sepsis-10/body/PMC10370906_body.txt,55,modified Rankin Scale score 1,4320,0,not_found_auto,modified rankin scale score 1,55,"However, after 6-month rehabilitation, she was discharged to home with a modified Rankin Scale (mRS) of 1.",0.4,,
dsr1,PMC10556716_body,/mnt/c/Research/textual-time-series-for-sepsis/new_analysis/chil2026_rebuttal/sepsis-40_dsr1_tts/PMC10556716_body.csv,/mnt/c/Research/textual-time-series-for-sepsis/chil_stts/sepsis-10/body/PMC10556716_body.txt,7,leg injury,-1440,0,not_found_auto,leg injury,47,aeruginosa.,0.4,,
dsr1,PMC10556716_body,/mnt/c/Research/textual-time-series-for-sepsis/new_analysis/chil2026_rebuttal/sepsis-40_dsr1_tts/PMC10556716_body.csv,/mnt/c/Research/textual-time-series-for-sepsis/chil_stts/sepsis-10/body/PMC10556716_body.txt,57,right heel unstageable,0,0,not_found_auto,right heel unstageable,31,The rehabilitative evaluations are presented in Table 1.,0.3896,,
dsr1,PMC10556716_body,/mnt/c/Research/textual-time-series-for-sepsis/new_analysis/chil2026_rebuttal/sepsis-40_dsr1_tts/PMC10556716_body.csv,/mnt/c/Research/textual-time-series-for-sepsis/chil_stts/sepsis-10/body/PMC10556716_body.txt,58,left heel stage II,0,0,not_found_auto,left heel stage ii,106,CONFLICT OF INTEREST,0.3684,,
dsr1,PMC10556716_body,/mnt/c/Research/textual-time-series-for-sepsis/new_analysis/chil2026_rebuttal/sepsis-40_dsr1_tts/PMC10556716_body.csv,/mnt/c/Research/textual-time-series-for-sepsis/chil_stts/sepsis-10/body/PMC10556716_body.txt,67,AF with third-degree AV block,72,0,not_found_auto,af third degree av block,100,-Able to consume pureed foods;,0.3846,,
dsr1,PMC10556716_body,/mnt/c/Research/textual-time-series-for-sepsis/new_analysis/chil2026_rebuttal/sepsis-40_dsr1_tts/PMC10556716_body.csv,/mnt/c/Research/textual-time-series-for-sepsis/chil_stts/sepsis-10/body/PMC10556716_body.txt,71,transferred back to hospital,120,0,not_found_auto,transferred back to hospital,36,"Two days later, the patient was transferred to our hospital.",0.5349,,
dsr1,PMC10556716_body,/mnt/c/Research/textual-time-series-for-sepsis/new_analysis/chil2026_rebuttal/sepsis-40_dsr1_tts/PMC10556716_body.csv,/mnt/c/Research/textual-time-series-for-sepsis/chil_stts/sepsis-10/body/PMC10556716_body.txt,72,P. aeruginosa bloodstream infection,120,0,not_found_auto,p aeruginosa bloodstream infection,46,"After 10 days, the patient presented with a bloodstream infection caused by P.",0.5273,,
dsr1,PMC10556716_body,/mnt/c/Research/textual-time-series-for-sepsis/new_analysis/chil2026_rebuttal/sepsis-40_dsr1_tts/PMC10556716_body.csv,/mnt/c/Research/textual-time-series-for-sepsis/chil_stts/sepsis-10/body/PMC10556716_body.txt,81,completed C. difficile treatment,336,0,not_found_auto,completed c difficile treatment,44,Two days after completing treatment for the recurrence of C.,0.4,,
dsr1,PMC10556716_body,/mnt/c/Research/textual-time-series-for-sepsis/new_analysis/chil2026_rebuttal/sepsis-40_dsr1_tts/PMC10556716_body.csv,/mnt/c/Research/textual-time-series-for-sepsis/chil_stts/sepsis-10/body/PMC10556716_body.txt,87,intravenous catheter replaced,360,0,not_found_auto,intravenous catheter replaced,101,-Inhales water;,0.4762,,
dsr1,PMC10556716_body,/mnt/c/Research/textual-time-series-for-sepsis/new_analysis/chil2026_rebuttal/sepsis-40_dsr1_tts/PMC10556716_body.csv,/mnt/c/Research/textual-time-series-for-sepsis/chil_stts/sepsis-10/body/PMC10556716_body.txt,90,P. aeruginosa bloodstream infection,528,0,not_found_auto,p aeruginosa bloodstream infection,46,"After 10 days, the patient presented with a bloodstream infection caused by P.",0.5273,,
dsr1,PMC10556716_body,/mnt/c/Research/textual-time-series-for-sepsis/new_analysis/chil2026_rebuttal/sepsis-40_dsr1_tts/PMC10556716_body.csv,/mnt/c/Research/textual-time-series-for-sepsis/chil_stts/sepsis-10/body/PMC10556716_body.txt,101,motor deficit,720,0,not_found_auto,motor deficit,91,Ideomotor and buccofacial apraxia;,0.4348,,
dsr1,PMC10556716_body,/mnt/c/Research/textual-time-series-for-sepsis/new_analysis/chil2026_rebuttal/sepsis-40_dsr1_tts/PMC10556716_body.csv,/mnt/c/Research/textual-time-series-for-sepsis/chil_stts/sepsis-10/body/PMC10556716_body.txt,102,wheelchair recommended,720,0,not_found_auto,wheelchair recommended,6,tetani infection.,0.4211,,
dsr1,PMC10556716_body,/mnt/c/Research/textual-time-series-for-sepsis/new_analysis/chil2026_rebuttal/sepsis-40_dsr1_tts/PMC10556716_body.csv,/mnt/c/Research/textual-time-series-for-sepsis/chil_stts/sepsis-10/body/PMC10556716_body.txt,103,walker recommended,720,0,not_found_auto,walker recommended,4,CASE REPORT,0.4138,,
dsr1,PMC10629858_body,/mnt/c/Research/textual-time-series-for-sepsis/new_analysis/chil2026_rebuttal/sepsis-40_dsr1_tts/PMC10629858_body.csv,/mnt/c/Research/textual-time-series-for-sepsis/chil_stts/sepsis-10/body/PMC10629858_body.txt,28,clinical deterioration,0,0,not_found_auto,clinical deterioration,9,Case Presentation,0.5128,,
dsr1,PMC10629858_body,/mnt/c/Research/textual-time-series-for-sepsis/new_analysis/chil2026_rebuttal/sepsis-40_dsr1_tts/PMC10629858_body.csv,/mnt/c/Research/textual-time-series-for-sepsis/chil_stts/sepsis-10/body/PMC10629858_body.txt,45,PET/CT,24,0,not_found_auto,pet ct,0,pmcIntroduction,0.381,,
dsr1,PMC10629858_body,/mnt/c/Research/textual-time-series-for-sepsis/new_analysis/chil2026_rebuttal/sepsis-40_dsr1_tts/PMC10629858_body.csv,/mnt/c/Research/textual-time-series-for-sepsis/chil_stts/sepsis-10/body/PMC10629858_body.txt,61,IV immunoglobulins for 5 days,-24,0,not_found_auto,iv immunoglobulin for 5 days,88,Funding Sources,0.3721,,
dsr1,PMC10629858_body,/mnt/c/Research/textual-time-series-for-sepsis/new_analysis/chil2026_rebuttal/sepsis-40_dsr1_tts/PMC10629858_body.csv,/mnt/c/Research/textual-time-series-for-sepsis/chil_stts/sepsis-10/body/PMC10629858_body.txt,63,ambulation,-24,0,not_found_auto,ambulation,0,pmcIntroduction,0.48,,
dsr1,PMC3075162_body,/mnt/c/Research/textual-time-series-for-sepsis/new_analysis/chil2026_rebuttal/sepsis-40_dsr1_tts/PMC3075162_body.csv,/mnt/c/Research/textual-time-series-for-sepsis/chil_stts/sepsis-10/body/PMC3075162_body.txt,2,male,0,0,not_found_auto,male,5,Case Report,0.2667,,
dsr1,PMC3075162_body,/mnt/c/Research/textual-time-series-for-sepsis/new_analysis/chil2026_rebuttal/sepsis-40_dsr1_tts/PMC3075162_body.csv,/mnt/c/Research/textual-time-series-for-sepsis/chil_stts/sepsis-10/body/PMC3075162_body.txt,16,returning with continuing epigastric pain,48 (2 days after discharge),0,not_found_auto,returning with continuing epigastric pain,9,"This pain was recurrent since his diagnosis with tropical pancreatitis, and often lasted between 1 and 3 days.",0.3624,,
dsr1,PMC3075162_body,/mnt/c/Research/textual-time-series-for-sepsis/new_analysis/chil2026_rebuttal/sepsis-40_dsr1_tts/PMC3075162_body.csv,/mnt/c/Research/textual-time-series-for-sepsis/chil_stts/sepsis-10/body/PMC3075162_body.txt,17,pain gradually increasing in intensity,48,0,not_found_auto,pain gradually increasing in intensity,57,Our patient had multiple preexisting risk factors for the development of ASPD.,0.4,,
dsr1,PMC3075162_body,/mnt/c/Research/textual-time-series-for-sepsis/new_analysis/chil2026_rebuttal/sepsis-40_dsr1_tts/PMC3075162_body.csv,/mnt/c/Research/textual-time-series-for-sepsis/chil_stts/sepsis-10/body/PMC3075162_body.txt,25,obstruction at neck of pancreas,48,0,not_found_auto,obstruction neck pancreas,0,Introduction,0.4324,,
dsr1,PMC3075162_body,/mnt/c/Research/textual-time-series-for-sepsis/new_analysis/chil2026_rebuttal/sepsis-40_dsr1_tts/PMC3075162_body.csv,/mnt/c/Research/textual-time-series-for-sepsis/chil_stts/sepsis-10/body/PMC3075162_body.txt,43,transferred to medical ICU,72,0,not_found_auto,transferred to medical icu,25,The pancreas was diffusely echogenic.,0.3871,,
dsr1,PMC3075162_body,/mnt/c/Research/textual-time-series-for-sepsis/new_analysis/chil2026_rebuttal/sepsis-40_dsr1_tts/PMC3075162_body.csv,/mnt/c/Research/textual-time-series-for-sepsis/chil_stts/sepsis-10/body/PMC3075162_body.txt,63,pancreatogram marked ductal dilatation,72,0,not_found_auto,pancreatogram marked ductal dilatation,34,"The pancreatogram showed marked dilatation of the main pancreatic duct, with a single distal calculus.",0.4493,,
dsr1,PMC3075162_body,/mnt/c/Research/textual-time-series-for-sepsis/new_analysis/chil2026_rebuttal/sepsis-40_dsr1_tts/PMC3075162_body.csv,/mnt/c/Research/textual-time-series-for-sepsis/chil_stts/sepsis-10/body/PMC3075162_body.txt,66,evacuation of ~20 ml pus,72,0,not_found_auto,evacuation 20 ml pus,48,Discussion,0.3333,,
dsr1,PMC3075162_body,/mnt/c/Research/textual-time-series-for-sepsis/new_analysis/chil2026_rebuttal/sepsis-40_dsr1_tts/PMC3075162_body.csv,/mnt/c/Research/textual-time-series-for-sepsis/chil_stts/sepsis-10/body/PMC3075162_body.txt,68,stent removed,72,0,not_found_auto,stent removed,5,Case Report,0.5,,
dsr1,PMC3075162_body,/mnt/c/Research/textual-time-series-for-sepsis/new_analysis/chil2026_rebuttal/sepsis-40_dsr1_tts/PMC3075162_body.csv,/mnt/c/Research/textual-time-series-for-sepsis/chil_stts/sepsis-10/body/PMC3075162_body.txt,71,inflammatory changes in pancreatic fat,96,0,not_found_auto,inflammatory changes in pancreatic fat,39,It showed inflammatory changes within the fat surrounding the body and tail of the pancreas consistent with edema.,0.4636,,
dsr1,PMC3075162_body,/mnt/c/Research/textual-time-series-for-sepsis/new_analysis/chil2026_rebuttal/sepsis-40_dsr1_tts/PMC3075162_body.csv,/mnt/c/Research/textual-time-series-for-sepsis/chil_stts/sepsis-10/body/PMC3075162_body.txt,81,transferred from ICU,120,0,not_found_auto,transferred from icu,5,Case Report,0.3871,,
dsr1,PMC4778217_body,/mnt/c/Research/textual-time-series-for-sepsis/new_analysis/chil2026_rebuttal/sepsis-40_dsr1_tts/PMC4778217_body.csv,/mnt/c/Research/textual-time-series-for-sepsis/chil_stts/sepsis-10/body/PMC4778217_body.txt,51,linezolid stopped,96,0,not_found_auto,linezolid stopped,30,"Hence, both the drugs were stopped on the 2nd day.",0.3692,,
dsr1,PMC4778217_body,/mnt/c/Research/textual-time-series-for-sepsis/new_analysis/chil2026_rebuttal/sepsis-40_dsr1_tts/PMC4778217_body.csv,/mnt/c/Research/textual-time-series-for-sepsis/chil_stts/sepsis-10/body/PMC4778217_body.txt,52,rasagiline stopped,96,0,not_found_auto,rasagiline stopped,4,Case Report,0.3448,,
dsr1,PMC6238558_body,/mnt/c/Research/textual-time-series-for-sepsis/new_analysis/chil2026_rebuttal/sepsis-40_dsr1_tts/PMC6238558_body.csv,/mnt/c/Research/textual-time-series-for-sepsis/chil_stts/sepsis-10/body/PMC6238558_body.txt,54,MRI cervical spine normal,96,0,not_found_auto,mri cervical spine normal,59,MRI cervical spine was done to rule out cervical myelopathy.,0.5714,,
dsr1,PMC6238558_body,/mnt/c/Research/textual-time-series-for-sepsis/new_analysis/chil2026_rebuttal/sepsis-40_dsr1_tts/PMC6238558_body.csv,/mnt/c/Research/textual-time-series-for-sepsis/chil_stts/sepsis-10/body/PMC6238558_body.txt,57,CSF analysis no albuminocytologic dissociation,96,0,not_found_auto,csf analysis no albuminocytologic dissociation,12,He was hemodynamically stable and was disoriented but had no focal neurological deficit or neck rigidity.,0.3867,,
dsr1,PMC6238558_body,/mnt/c/Research/textual-time-series-for-sepsis/new_analysis/chil2026_rebuttal/sepsis-40_dsr1_tts/PMC6238558_body.csv,/mnt/c/Research/textual-time-series-for-sepsis/chil_stts/sepsis-10/body/PMC6238558_body.txt,58,started IV immunoglobulin therapy,96,0,not_found_auto,started iv immunoglobulin therapy,36,"Oral feeding was started, and aggressive limb and chest physiotherapy was continued.",0.3826,,
dsr1,PMC6238558_body,/mnt/c/Research/textual-time-series-for-sepsis/new_analysis/chil2026_rebuttal/sepsis-40_dsr1_tts/PMC6238558_body.csv,/mnt/c/Research/textual-time-series-for-sepsis/chil_stts/sepsis-10/body/PMC6238558_body.txt,60,improvement in limb weakness,216,0,not_found_auto,improvement in limb weaknes,39,Table 1 Motor nerve conduction velocity,0.3333,,
dsr1,PMC7576661_body,/mnt/c/Research/textual-time-series-for-sepsis/new_analysis/chil2026_rebuttal/sepsis-40_dsr1_tts/PMC7576661_body.csv,/mnt/c/Research/textual-time-series-for-sepsis/chil_stts/sepsis-10/body/PMC7576661_body.txt,23,serum phosphate level 1.07 mmol/L,336,0,not_found_auto,serum phosphate level 1 07 mmol l,59,IV Calcium gluconate 4.4 mmol IV 5x daily,0.4324,,
dsr1,PMC7576661_body,/mnt/c/Research/textual-time-series-for-sepsis/new_analysis/chil2026_rebuttal/sepsis-40_dsr1_tts/PMC7576661_body.csv,/mnt/c/Research/textual-time-series-for-sepsis/chil_stts/sepsis-10/body/PMC7576661_body.txt,38,normocalcaemia on follow-up,5856+1008=6864,0,not_found_auto,normocalcaemia follow up,46,Outcome and follow-up,0.4889,,
dsr1,PMC7576661_body,/mnt/c/Research/textual-time-series-for-sepsis/new_analysis/chil2026_rebuttal/sepsis-40_dsr1_tts/PMC7576661_body.csv,/mnt/c/Research/textual-time-series-for-sepsis/chil_stts/sepsis-10/body/PMC7576661_body.txt,39,weight 71.8 kg,6864,0,not_found_auto,weight 71 8 kg,20,Reference Range 1.11–1.28,0.3077,,
dsr1,PMC7576661_body,/mnt/c/Research/textual-time-series-for-sepsis/new_analysis/chil2026_rebuttal/sepsis-40_dsr1_tts/PMC7576661_body.csv,/mnt/c/Research/textual-time-series-for-sepsis/chil_stts/sepsis-10/body/PMC7576661_body.txt,40,BMI 29 kg/m²,6864,0,not_found_auto,bmi 29 kg m,57,0.25 µg IV daily $120,0.3333,,
dsr1,PMC9136437_body,/mnt/c/Research/textual-time-series-for-sepsis/new_analysis/chil2026_rebuttal/sepsis-40_dsr1_tts/PMC9136437_body.csv,/mnt/c/Research/textual-time-series-for-sepsis/chil_stts/sepsis-10/body/PMC9136437_body.txt,3,liver transplantation (Piggyback LT),0,0,not_found_auto,liver transplantation piggyback lt,99,Days after liver transplantation Reported values,0.6098,,
dsr1,PMC9136437_body,/mnt/c/Research/textual-time-series-for-sepsis/new_analysis/chil2026_rebuttal/sepsis-40_dsr1_tts/PMC9136437_body.csv,/mnt/c/Research/textual-time-series-for-sepsis/chil_stts/sepsis-10/body/PMC9136437_body.txt,17,fever (37–39°C),240,0,not_found_auto,fever 37 39 c,60,Figure 3.,0.381,,
dsr1,PMC9136437_body,/mnt/c/Research/textual-time-series-for-sepsis/new_analysis/chil2026_rebuttal/sepsis-40_dsr1_tts/PMC9136437_body.csv,/mnt/c/Research/textual-time-series-for-sepsis/chil_stts/sepsis-10/body/PMC9136437_body.txt,18,procalcitonin (PCT) levels rose to 10.3 ng/mL,240,0,not_found_auto,procalcitonin pct levels rose to 10 3 ng ml,46,Procalcitonin (PCT) levels began to rise to 10.3 ng/mL (reference range (ref) 0–0.05) (Figure 3(b)).,0.6316,,
dsr1,PMC9136437_body,/mnt/c/Research/textual-time-series-for-sepsis/new_analysis/chil2026_rebuttal/sepsis-40_dsr1_tts/PMC9136437_body.csv,/mnt/c/Research/textual-time-series-for-sepsis/chil_stts/sepsis-10/body/PMC9136437_body.txt,26,sputum culture positive for Acinetobacter baumannii,432,0,not_found_auto,sputum culture positive for acinetobacter baumannii,50,"On POD-18, a sputum culture suggested the presence of Acinetobacter baumannii and methicillin-resistant Staphylococcus aureus (MRSA) infections.",0.4607,,
dsr1,PMC9136437_body,/mnt/c/Research/textual-time-series-for-sepsis/new_analysis/chil2026_rebuttal/sepsis-40_dsr1_tts/PMC9136437_body.csv,/mnt/c/Research/textual-time-series-for-sepsis/chil_stts/sepsis-10/body/PMC9136437_body.txt,32,WBC count 0.86 ×10^9/L,456,0,not_found_auto,wbc count 0 86 10 9 l,38,"Recipient 2,11 13,46 14,15 5,6",0.3922,,
dsr1,PMC9136437_body,/mnt/c/Research/textual-time-series-for-sepsis/new_analysis/chil2026_rebuttal/sepsis-40_dsr1_tts/PMC9136437_body.csv,/mnt/c/Research/textual-time-series-for-sepsis/chil_stts/sepsis-10/body/PMC9136437_body.txt,33,platelet count 35 ×10^9/L,456,0,not_found_auto,platelet count 35 10 9 l,176,of patients 1 5 87 8,0.4545,,
dsr1,PMC9136437_body,/mnt/c/Research/textual-time-series-for-sepsis/new_analysis/chil2026_rebuttal/sepsis-40_dsr1_tts/PMC9136437_body.csv,/mnt/c/Research/textual-time-series-for-sepsis/chil_stts/sepsis-10/body/PMC9136437_body.txt,36,rash suspected as drug-related adverse reaction,456,0,not_found_auto,rash suspected as drug related adverse reaction,154,Such low-level mosaicism may be related to the acute rejection after LT.,0.4237,,
dsr1,PMC9136437_body,/mnt/c/Research/textual-time-series-for-sepsis/new_analysis/chil2026_rebuttal/sepsis-40_dsr1_tts/PMC9136437_body.csv,/mnt/c/Research/textual-time-series-for-sepsis/chil_stts/sepsis-10/body/PMC9136437_body.txt,49,platelet count dropped to 3.2 ×10^9/L,792,0,not_found_auto,platelet count dropped to 3 2 10 9 l,92,"Despite continuous platelet transfusion and the use of thrombopoietin (TPO), the patient’s PLT count dropped to 3.2 × 109/L.",0.4545,,
dsr1,PMC9136437_body,/mnt/c/Research/textual-time-series-for-sepsis/new_analysis/chil2026_rebuttal/sepsis-40_dsr1_tts/PMC9136437_body.csv,/mnt/c/Research/textual-time-series-for-sepsis/chil_stts/sepsis-10/body/PMC9136437_body.txt,51,granulocyte colony-stimulating factor (G-CSF) administration,792,0,not_found_auto,granulocyte colony stimulating factor g csf administration,120,The etiology of GVHD might be multifactorial.,0.4118,,
dsr1,PMC9136437_body,/mnt/c/Research/textual-time-series-for-sepsis/new_analysis/chil2026_rebuttal/sepsis-40_dsr1_tts/PMC9136437_body.csv,/mnt/c/Research/textual-time-series-for-sepsis/chil_stts/sepsis-10/body/PMC9136437_body.txt,55,esophageal and oral ulcers worsened,792,0,not_found_auto,esophageal and oral ulcers worsened,112,"The esophageal and oral ulcers also continued to worsen, which prevented the patient from eating (Figure 4(f)–(j)).",0.4895,,
dsr1,PMC9355071_body,/mnt/c/Research/textual-time-series-for-sepsis/new_analysis/chil2026_rebuttal/sepsis-40_dsr1_tts/PMC9355071_body.csv,/mnt/c/Research/textual-time-series-for-sepsis/chil_stts/sepsis-10/body/PMC9355071_body.txt,1,male,0,0,not_found_auto,male,90,Acknowledgments,0.3158,,
dsr1,PMC9355071_body,/mnt/c/Research/textual-time-series-for-sepsis/new_analysis/chil2026_rebuttal/sepsis-40_dsr1_tts/PMC9355071_body.csv,/mnt/c/Research/textual-time-series-for-sepsis/chil_stts/sepsis-10/body/PMC9355071_body.txt,20,adrenaline administration,0,0,not_found_auto,adrenaline administration,3,Case Presentation,0.4762,,
dsr1,PMC9355071_body,/mnt/c/Research/textual-time-series-for-sepsis/new_analysis/chil2026_rebuttal/sepsis-40_dsr1_tts/PMC9355071_body.csv,/mnt/c/Research/textual-time-series-for-sepsis/chil_stts/sepsis-10/body/PMC9355071_body.txt,21,resuscitated,0,0,not_found_auto,resuscitated,3,Case Presentation,0.4138,,
dsr1,PMC9355071_body,/mnt/c/Research/textual-time-series-for-sepsis/new_analysis/chil2026_rebuttal/sepsis-40_dsr1_tts/PMC9355071_body.csv,/mnt/c/Research/textual-time-series-for-sepsis/chil_stts/sepsis-10/body/PMC9355071_body.txt,25,hypercalcemia 14.8 mg/dL,0,0,not_found_auto,hypercalcemia 14 8 mg dl,40,Serum calcium was 13.8 mg/dL.,0.6923,,
dsr1,PMC9355071_body,/mnt/c/Research/textual-time-series-for-sepsis/new_analysis/chil2026_rebuttal/sepsis-40_dsr1_tts/PMC9355071_body.csv,/mnt/c/Research/textual-time-series-for-sepsis/chil_stts/sepsis-10/body/PMC9355071_body.txt,28,septic shock suspicion,0,0,not_found_auto,septic shock suspicion,73,Conclusions,0.4848,,
dsr1,PMC9355071_body,/mnt/c/Research/textual-time-series-for-sepsis/new_analysis/chil2026_rebuttal/sepsis-40_dsr1_tts/PMC9355071_body.csv,/mnt/c/Research/textual-time-series-for-sepsis/chil_stts/sepsis-10/body/PMC9355071_body.txt,30,increased lactate level,0,0,not_found_auto,increased lactate level,82,Ethical statement,0.45,,
dsr1,PMC9355071_body,/mnt/c/Research/textual-time-series-for-sepsis/new_analysis/chil2026_rebuttal/sepsis-40_dsr1_tts/PMC9355071_body.csv,/mnt/c/Research/textual-time-series-for-sepsis/chil_stts/sepsis-10/body/PMC9355071_body.txt,31,increased white blood cell count,0,0,not_found_auto,increased white blood cell count,3,Case Presentation,0.3673,,
dsr1,PMC9355071_body,/mnt/c/Research/textual-time-series-for-sepsis/new_analysis/chil2026_rebuttal/sepsis-40_dsr1_tts/PMC9355071_body.csv,/mnt/c/Research/textual-time-series-for-sepsis/chil_stts/sepsis-10/body/PMC9355071_body.txt,32,increased procalcitonin level,0,0,not_found_auto,increased procalcitonin level,3,Case Presentation,0.4783,,
dsr1,PMC9355071_body,/mnt/c/Research/textual-time-series-for-sepsis/new_analysis/chil2026_rebuttal/sepsis-40_dsr1_tts/PMC9355071_body.csv,/mnt/c/Research/textual-time-series-for-sepsis/chil_stts/sepsis-10/body/PMC9355071_body.txt,33,tazobactam-piperacillin initiation,0,0,not_found_auto,tazobactam piperacillin initiation,17,We initiated tazobactam-piperacillin and vasopressors.,0.6207,,
dsr1,PMC9355071_body,/mnt/c/Research/textual-time-series-for-sepsis/new_analysis/chil2026_rebuttal/sepsis-40_dsr1_tts/PMC9355071_body.csv,/mnt/c/Research/textual-time-series-for-sepsis/chil_stts/sepsis-10/body/PMC9355071_body.txt,34,vasopressors initiation,0,0,not_found_auto,vasopressor initiation,3,Case Presentation,0.6667,,
dsr1,PMC9355071_body,/mnt/c/Research/textual-time-series-for-sepsis/new_analysis/chil2026_rebuttal/sepsis-40_dsr1_tts/PMC9355071_body.csv,/mnt/c/Research/textual-time-series-for-sepsis/chil_stts/sepsis-10/body/PMC9355071_body.txt,36,fever reoccurrence,120,0,not_found_auto,fever reoccurrence,3,Case Presentation,0.3429,,
dsr1,PMC9355071_body,/mnt/c/Research/textual-time-series-for-sepsis/new_analysis/chil2026_rebuttal/sepsis-40_dsr1_tts/PMC9355071_body.csv,/mnt/c/Research/textual-time-series-for-sepsis/chil_stts/sepsis-10/body/PMC9355071_body.txt,38,antibiotics change to meropenem,120,0,not_found_auto,antibiotics change to meropenem,26,"After his discharge, tumor resection was performed.",0.4,,
dsr1,PMC9355071_body,/mnt/c/Research/textual-time-series-for-sepsis/new_analysis/chil2026_rebuttal/sepsis-40_dsr1_tts/PMC9355071_body.csv,/mnt/c/Research/textual-time-series-for-sepsis/chil_stts/sepsis-10/body/PMC9355071_body.txt,39,antibiotics change to vancomycin,120,0,not_found_auto,antibiotics change to vancomycin,26,"After his discharge, tumor resection was performed.",0.4198,,
dsr1,PMC9355071_body,/mnt/c/Research/textual-time-series-for-sepsis/new_analysis/chil2026_rebuttal/sepsis-40_dsr1_tts/PMC9355071_body.csv,/mnt/c/Research/textual-time-series-for-sepsis/chil_stts/sepsis-10/body/PMC9355071_body.txt,45,maternal uncle sudden death,0,0,not_found_auto,maternal uncle sudden death,23,The patient's family history revealed that one of his maternal uncles had experienced sudden death.,0.432,,
dsr1,PMC9355071_body,/mnt/c/Research/textual-time-series-for-sepsis/new_analysis/chil2026_rebuttal/sepsis-40_dsr1_tts/PMC9355071_body.csv,/mnt/c/Research/textual-time-series-for-sepsis/chil_stts/sepsis-10/body/PMC9355071_body.txt,57,arrhythmia high risk,0,0,not_found_auto,arrhythmia high risk,74,"BS can present in fatal arrhythmic events as in our case, which can be precipitated by fever.",0.3063,,
dsr1,PMC9552858_body,/mnt/c/Research/textual-time-series-for-sepsis/new_analysis/chil2026_rebuttal/sepsis-40_dsr1_tts/PMC9552858_body.csv,/mnt/c/Research/textual-time-series-for-sepsis/chil_stts/sepsis-10/body/PMC9552858_body.txt,0,18 years old,0,0,not_found_auto,18 years old,161,The brain MRI was normal.,0.3889,,
dsr1,PMC9552858_body,/mnt/c/Research/textual-time-series-for-sepsis/new_analysis/chil2026_rebuttal/sepsis-40_dsr1_tts/PMC9552858_body.csv,/mnt/c/Research/textual-time-series-for-sepsis/chil_stts/sepsis-10/body/PMC9552858_body.txt,6,Apgar values 4 at 1 minute,-2160,0,not_found_auto,apgar values 4 at 1 minute,36,"There were Apgar values of 4 and 8 in the first and fifth minutes of life, respectively.",0.4464,,
dsr1,PMC9552858_body,/mnt/c/Research/textual-time-series-for-sepsis/new_analysis/chil2026_rebuttal/sepsis-40_dsr1_tts/PMC9552858_body.csv,/mnt/c/Research/textual-time-series-for-sepsis/chil_stts/sepsis-10/body/PMC9552858_body.txt,7,Apgar values 8 at 5 minutes,-2160,0,not_found_auto,apgar values 8 at 5 minutes,36,"There were Apgar values of 4 and 8 in the first and fifth minutes of life, respectively.",0.4425,,
dsr1,PMC9552858_body,/mnt/c/Research/textual-time-series-for-sepsis/new_analysis/chil2026_rebuttal/sepsis-40_dsr1_tts/PMC9552858_body.csv,/mnt/c/Research/textual-time-series-for-sepsis/chil_stts/sepsis-10/body/PMC9552858_body.txt,8,intrauterine death of siblings,-2160,0,not_found_auto,intrauterine death siblings,88,The results were unremarkable.,0.4286,,
dsr1,PMC9552858_body,/mnt/c/Research/textual-time-series-for-sepsis/new_analysis/chil2026_rebuttal/sepsis-40_dsr1_tts/PMC9552858_body.csv,/mnt/c/Research/textual-time-series-for-sepsis/chil_stts/sepsis-10/body/PMC9552858_body.txt,10,maternal hypothyroidism,-2160,0,not_found_auto,maternal hypothyroidism,257,Thyroid function Normal,0.3913,,
dsr1,PMC9552858_body,/mnt/c/Research/textual-time-series-for-sepsis/new_analysis/chil2026_rebuttal/sepsis-40_dsr1_tts/PMC9552858_body.csv,/mnt/c/Research/textual-time-series-for-sepsis/chil_stts/sepsis-10/body/PMC9552858_body.txt,13,non-consanguineous parents,-2160,0,not_found_auto,non consanguineous parents,74,He did not have pale stools.,0.4151,,
dsr1,PMC9552858_body,/mnt/c/Research/textual-time-series-for-sepsis/new_analysis/chil2026_rebuttal/sepsis-40_dsr1_tts/PMC9552858_body.csv,/mnt/c/Research/textual-time-series-for-sepsis/chil_stts/sepsis-10/body/PMC9552858_body.txt,14,living healthy sibling,-2160,0,not_found_auto,living healthy sibling,74,He did not have pale stools.,0.4082,,
dsr1,PMC9552858_body,/mnt/c/Research/textual-time-series-for-sepsis/new_analysis/chil2026_rebuttal/sepsis-40_dsr1_tts/PMC9552858_body.csv,/mnt/c/Research/textual-time-series-for-sepsis/chil_stts/sepsis-10/body/PMC9552858_body.txt,15,no significant family history,-2160,0,not_found_auto,significant family history,74,He did not have pale stools.,0.3774,,
dsr1,PMC9552858_body,/mnt/c/Research/textual-time-series-for-sepsis/new_analysis/chil2026_rebuttal/sepsis-40_dsr1_tts/PMC9552858_body.csv,/mnt/c/Research/textual-time-series-for-sepsis/chil_stts/sepsis-10/body/PMC9552858_body.txt,17,respiration rate 65 breaths per minute,-2160,0,not_found_auto,respiration rate 65 breath per minute,291,Declaration of Figures’ Authenticity,0.4658,,
dsr1,PMC9552858_body,/mnt/c/Research/textual-time-series-for-sepsis/new_analysis/chil2026_rebuttal/sepsis-40_dsr1_tts/PMC9552858_body.csv,/mnt/c/Research/textual-time-series-for-sepsis/chil_stts/sepsis-10/body/PMC9552858_body.txt,19,CPAP support,-2160,0,not_found_auto,cpap support,34,Case Report,0.6087,,
dsr1,PMC9552858_body,/mnt/c/Research/textual-time-series-for-sepsis/new_analysis/chil2026_rebuttal/sepsis-40_dsr1_tts/PMC9552858_body.csv,/mnt/c/Research/textual-time-series-for-sepsis/chil_stts/sepsis-10/body/PMC9552858_body.txt,20,transferred to NICU,-2160,0,not_found_auto,transferred to nicu,263,Urine for reducing substance Negative,0.4286,,
dsr1,PMC9552858_body,/mnt/c/Research/textual-time-series-for-sepsis/new_analysis/chil2026_rebuttal/sepsis-40_dsr1_tts/PMC9552858_body.csv,/mnt/c/Research/textual-time-series-for-sepsis/chil_stts/sepsis-10/body/PMC9552858_body.txt,26,height 75th percentile,-2160,0,not_found_auto,height 75th percentile,74,He did not have pale stools.,0.4082,,
dsr1,PMC9552858_body,/mnt/c/Research/textual-time-series-for-sepsis/new_analysis/chil2026_rebuttal/sepsis-40_dsr1_tts/PMC9552858_body.csv,/mnt/c/Research/textual-time-series-for-sepsis/chil_stts/sepsis-10/body/PMC9552858_body.txt,27,weight 25th percentile,-2160,0,not_found_auto,weight 25th percentile,41,"In this case, the parents were not relative.",0.375,,
dsr1,PMC9552858_body,/mnt/c/Research/textual-time-series-for-sepsis/new_analysis/chil2026_rebuttal/sepsis-40_dsr1_tts/PMC9552858_body.csv,/mnt/c/Research/textual-time-series-for-sepsis/chil_stts/sepsis-10/body/PMC9552858_body.txt,28,head circumference 25th percentile,-2160,0,not_found_auto,head circumference 25th percentile,88,The results were unremarkable.,0.4127,,
dsr1,PMC9552858_body,/mnt/c/Research/textual-time-series-for-sepsis/new_analysis/chil2026_rebuttal/sepsis-40_dsr1_tts/PMC9552858_body.csv,/mnt/c/Research/textual-time-series-for-sepsis/chil_stts/sepsis-10/body/PMC9552858_body.txt,30,neurologically normal,-2160,0,not_found_auto,neurologically normal,52,The baby was neurologically fine.,0.6038,,
dsr1,PMC9552858_body,/mnt/c/Research/textual-time-series-for-sepsis/new_analysis/chil2026_rebuttal/sepsis-40_dsr1_tts/PMC9552858_body.csv,/mnt/c/Research/textual-time-series-for-sepsis/chil_stts/sepsis-10/body/PMC9552858_body.txt,31,heart rate 167 bpm,-2160,0,not_found_auto,heart rate 167 bpm,51,His temperature was 36.2°C.,0.4091,,
dsr1,PMC9552858_body,/mnt/c/Research/textual-time-series-for-sepsis/new_analysis/chil2026_rebuttal/sepsis-40_dsr1_tts/PMC9552858_body.csv,/mnt/c/Research/textual-time-series-for-sepsis/chil_stts/sepsis-10/body/PMC9552858_body.txt,41,surfactant administration,-2160,0,not_found_auto,surfactant administration,261,Galactosemia Negative,0.3913,,
dsr1,PMC9552858_body,/mnt/c/Research/textual-time-series-for-sepsis/new_analysis/chil2026_rebuttal/sepsis-40_dsr1_tts/PMC9552858_body.csv,/mnt/c/Research/textual-time-series-for-sepsis/chil_stts/sepsis-10/body/PMC9552858_body.txt,42,trophic feeding started,-504,0,not_found_auto,trophic feeding started,263,Urine for reducing substance Negative,0.5,,
dsr1,PMC9552858_body,/mnt/c/Research/textual-time-series-for-sepsis/new_analysis/chil2026_rebuttal/sepsis-40_dsr1_tts/PMC9552858_body.csv,/mnt/c/Research/textual-time-series-for-sepsis/chil_stts/sepsis-10/body/PMC9552858_body.txt,43,bowel movement at 12 hours,-2160,0,not_found_auto,bowel movement at 12 hour,62,There was a bowel movement at 12 h old.,0.7302,,
dsr1,PMC9552858_body,/mnt/c/Research/textual-time-series-for-sepsis/new_analysis/chil2026_rebuttal/sepsis-40_dsr1_tts/PMC9552858_body.csv,/mnt/c/Research/textual-time-series-for-sepsis/chil_stts/sepsis-10/body/PMC9552858_body.txt,50,CRP 70 mg/L,-432,0,not_found_auto,crp 70 mg l,285,CRP 49.8 (36–66) ≤5.0 mg/L,0.5882,,
dsr1,PMC9552858_body,/mnt/c/Research/textual-time-series-for-sepsis/new_analysis/chil2026_rebuttal/sepsis-40_dsr1_tts/PMC9552858_body.csv,/mnt/c/Research/textual-time-series-for-sepsis/chil_stts/sepsis-10/body/PMC9552858_body.txt,52,feeding stopped,-432,0,not_found_auto,feeding stopped,263,Urine for reducing substance Negative,0.3846,,
dsr1,PMC9552858_body,/mnt/c/Research/textual-time-series-for-sepsis/new_analysis/chil2026_rebuttal/sepsis-40_dsr1_tts/PMC9552858_body.csv,/mnt/c/Research/textual-time-series-for-sepsis/chil_stts/sepsis-10/body/PMC9552858_body.txt,55,high-flow oxygen therapy,-336,0,not_found_auto,high flow oxygen therapy,255,Urine for organic acid Normal,0.4151,,
dsr1,PMC9552858_body,/mnt/c/Research/textual-time-series-for-sepsis/new_analysis/chil2026_rebuttal/sepsis-40_dsr1_tts/PMC9552858_body.csv,/mnt/c/Research/textual-time-series-for-sepsis/chil_stts/sepsis-10/body/PMC9552858_body.txt,56,unexplained apnea episodes,-240,0,not_found_auto,unexplained apnea episodes,69,Relapses of unexplained apnea occurred in his third and fourth weeks of life.,0.4706,,
dsr1,PMC9552858_body,/mnt/c/Research/textual-time-series-for-sepsis/new_analysis/chil2026_rebuttal/sepsis-40_dsr1_tts/PMC9552858_body.csv,/mnt/c/Research/textual-time-series-for-sepsis/chil_stts/sepsis-10/body/PMC9552858_body.txt,60,nasogastric tube feeding,-240,0,not_found_auto,nasogastric tube feeding,56,There was no organomegaly in the abdomen.,0.375,,
dsr1,PMC9552858_body,/mnt/c/Research/textual-time-series-for-sepsis/new_analysis/chil2026_rebuttal/sepsis-40_dsr1_tts/PMC9552858_body.csv,/mnt/c/Research/textual-time-series-for-sepsis/chil_stts/sepsis-10/body/PMC9552858_body.txt,64,TPN-associated cholestasis suspected,-240,0,not_found_auto,tpn associated cholestasis suspected,2,There are over 100 disorders associated with cholestasis [1].,0.5319,,
dsr1,PMC9552858_body,/mnt/c/Research/textual-time-series-for-sepsis/new_analysis/chil2026_rebuttal/sepsis-40_dsr1_tts/PMC9552858_body.csv,/mnt/c/Research/textual-time-series-for-sepsis/chil_stts/sepsis-10/body/PMC9552858_body.txt,65,ursodeoxycholic acid started,-240,0,not_found_auto,ursodeoxycholic acid started,259,USG Abdomen No choledochal cyst,0.4746,,
dsr1,PMC9552858_body,/mnt/c/Research/textual-time-series-for-sepsis/new_analysis/chil2026_rebuttal/sepsis-40_dsr1_tts/PMC9552858_body.csv,/mnt/c/Research/textual-time-series-for-sepsis/chil_stts/sepsis-10/body/PMC9552858_body.txt,67,bilirubin rise,-240,0,not_found_auto,bilirubin rise,161,The brain MRI was normal.,0.4211,,
dsr1,PMC9552858_body,/mnt/c/Research/textual-time-series-for-sepsis/new_analysis/chil2026_rebuttal/sepsis-40_dsr1_tts/PMC9552858_body.csv,/mnt/c/Research/textual-time-series-for-sepsis/chil_stts/sepsis-10/body/PMC9552858_body.txt,68,AST rise,-240,0,not_found_auto,ast rise,34,Case Report,0.5263,,
dsr1,PMC9552858_body,/mnt/c/Research/textual-time-series-for-sepsis/new_analysis/chil2026_rebuttal/sepsis-40_dsr1_tts/PMC9552858_body.csv,/mnt/c/Research/textual-time-series-for-sepsis/chil_stts/sepsis-10/body/PMC9552858_body.txt,69,ALT rise,-240,0,not_found_auto,alt rise,34,Case Report,0.4211,,
dsr1,PMC9552858_body,/mnt/c/Research/textual-time-series-for-sepsis/new_analysis/chil2026_rebuttal/sepsis-40_dsr1_tts/PMC9552858_body.csv,/mnt/c/Research/textual-time-series-for-sepsis/chil_stts/sepsis-10/body/PMC9552858_body.txt,71,normal abdominal ultrasound,-240,0,not_found_auto,normal abdominal ultrasound,253,Workup done for Result,0.4082,,
dsr1,PMC9552858_body,/mnt/c/Research/textual-time-series-for-sepsis/new_analysis/chil2026_rebuttal/sepsis-40_dsr1_tts/PMC9552858_body.csv,/mnt/c/Research/textual-time-series-for-sepsis/chil_stts/sepsis-10/body/PMC9552858_body.txt,72,negative infectious workup,-240,0,not_found_auto,negative infectiou workup,266,CMV Negative,0.4324,,
dsr1,PMC9552858_body,/mnt/c/Research/textual-time-series-for-sepsis/new_analysis/chil2026_rebuttal/sepsis-40_dsr1_tts/PMC9552858_body.csv,/mnt/c/Research/textual-time-series-for-sepsis/chil_stts/sepsis-10/body/PMC9552858_body.txt,76,whole exome sequencing ordered,-48,0,not_found_auto,whole exome sequencing ordered,258,TORCH screening Normal,0.4615,,
dsr1,PMC9552858_body,/mnt/c/Research/textual-time-series-for-sepsis/new_analysis/chil2026_rebuttal/sepsis-40_dsr1_tts/PMC9552858_body.csv,/mnt/c/Research/textual-time-series-for-sepsis/chil_stts/sepsis-10/body/PMC9552858_body.txt,78,caffeine administration,-48,0,not_found_auto,caffeine administration,269,Eye examination Normal,0.5333,,
dsr1,PMC9552858_body,/mnt/c/Research/textual-time-series-for-sepsis/new_analysis/chil2026_rebuttal/sepsis-40_dsr1_tts/PMC9552858_body.csv,/mnt/c/Research/textual-time-series-for-sepsis/chil_stts/sepsis-10/body/PMC9552858_body.txt,80,craniosynostosis detected,-240,0,not_found_auto,craniosynostosis detected,80,The skull X-ray revealed craniosynostosis (Figure 1).,0.48,,
dsr1,PMC9552858_body,/mnt/c/Research/textual-time-series-for-sepsis/new_analysis/chil2026_rebuttal/sepsis-40_dsr1_tts/PMC9552858_body.csv,/mnt/c/Research/textual-time-series-for-sepsis/chil_stts/sepsis-10/body/PMC9552858_body.txt,86,mechanical ventilation,0,0,not_found_auto,mechanical ventilation,218,Conclusions,0.4242,,
dsr1,PMC9552858_body,/mnt/c/Research/textual-time-series-for-sepsis/new_analysis/chil2026_rebuttal/sepsis-40_dsr1_tts/PMC9552858_body.csv,/mnt/c/Research/textual-time-series-for-sepsis/chil_stts/sepsis-10/body/PMC9552858_body.txt,87,epinephrine administration,0,0,not_found_auto,epinephrine administration,269,Eye examination Normal,0.5,,
dsr1,PMC9552858_body,/mnt/c/Research/textual-time-series-for-sepsis/new_analysis/chil2026_rebuttal/sepsis-40_dsr1_tts/PMC9552858_body.csv,/mnt/c/Research/textual-time-series-for-sepsis/chil_stts/sepsis-10/body/PMC9552858_body.txt,91,acute renal injury,0,0,not_found_auto,acute renal injury,34,Case Report,0.4138,,
dsr1,PMC9552858_body,/mnt/c/Research/textual-time-series-for-sepsis/new_analysis/chil2026_rebuttal/sepsis-40_dsr1_tts/PMC9552858_body.csv,/mnt/c/Research/textual-time-series-for-sepsis/chil_stts/sepsis-10/body/PMC9552858_body.txt,93,CRP 223.3 mg/L,0,0,not_found_auto,crp 223 3 mg l,285,CRP 49.8 (36–66) ≤5.0 mg/L,0.5946,,
llama33,PMC10370906_body,/mnt/c/Research/textual-time-series-for-sepsis/new_analysis/chil2026_rebuttal/sepsis-40_l33_tts/PMC10370906_body.csv,/mnt/c/Research/textual-time-series-for-sepsis/chil_stts/sepsis-10/body/PMC10370906_body.txt,42,paralysis not developed,96,0,not_found_auto,paralysis not developed,52,Neither impaired consciousness nor paralysis developed.,0.4935,,
llama33,PMC10556716_body,/mnt/c/Research/textual-time-series-for-sepsis/new_analysis/chil2026_rebuttal/sepsis-40_l33_tts/PMC10556716_body.csv,/mnt/c/Research/textual-time-series-for-sepsis/chil_stts/sepsis-10/body/PMC10556716_body.txt,1,male,0,0,not_found_auto,male,82,Table 1.,0.5455,,
llama33,PMC10556716_body,/mnt/c/Research/textual-time-series-for-sepsis/new_analysis/chil2026_rebuttal/sepsis-40_l33_tts/PMC10556716_body.csv,/mnt/c/Research/textual-time-series-for-sepsis/chil_stts/sepsis-10/body/PMC10556716_body.txt,8,injured leg,-1344,0,not_found_auto,injured leg,101,-Inhales water;,0.3333,,
llama33,PMC10556716_body,/mnt/c/Research/textual-time-series-for-sepsis/new_analysis/chil2026_rebuttal/sepsis-40_l33_tts/PMC10556716_body.csv,/mnt/c/Research/textual-time-series-for-sepsis/chil_stts/sepsis-10/body/PMC10556716_body.txt,87,intravenous catheter replaced,168,0,not_found_auto,intravenous catheter replaced,101,-Inhales water;,0.4762,,
llama33,PMC10556716_body,/mnt/c/Research/textual-time-series-for-sepsis/new_analysis/chil2026_rebuttal/sepsis-40_l33_tts/PMC10556716_body.csv,/mnt/c/Research/textual-time-series-for-sepsis/chil_stts/sepsis-10/body/PMC10556716_body.txt,101,postural transition training,240,0,not_found_auto,postural transition training,55,"At discharge, the patient was able to perform postural transition with assistance.",0.4444,,
llama33,PMC10556716_body,/mnt/c/Research/textual-time-series-for-sepsis/new_analysis/chil2026_rebuttal/sepsis-40_l33_tts/PMC10556716_body.csv,/mnt/c/Research/textual-time-series-for-sepsis/chil_stts/sepsis-10/body/PMC10556716_body.txt,114,discharged,720,0,not_found_auto,discharged,99,Dysphagia,0.5263,,
llama33,PMC10629858_body,/mnt/c/Research/textual-time-series-for-sepsis/new_analysis/chil2026_rebuttal/sepsis-40_l33_tts/PMC10629858_body.csv,/mnt/c/Research/textual-time-series-for-sepsis/chil_stts/sepsis-10/body/PMC10629858_body.txt,35,transfer to national cancer center,168,0,not_found_auto,transfer to national cancer center,89,This work will be supported by the Qatar National Library if accepted.,0.4078,,
llama33,PMC10629858_body,/mnt/c/Research/textual-time-series-for-sepsis/new_analysis/chil2026_rebuttal/sepsis-40_l33_tts/PMC10629858_body.csv,/mnt/c/Research/textual-time-series-for-sepsis/chil_stts/sepsis-10/body/PMC10629858_body.txt,62,death,1440,0,not_found_auto,death,98,Taha and Sarah A.,0.2857,,
llama33,PMC3075162_body,/mnt/c/Research/textual-time-series-for-sepsis/new_analysis/chil2026_rebuttal/sepsis-40_l33_tts/PMC3075162_body.csv,/mnt/c/Research/textual-time-series-for-sepsis/chil_stts/sepsis-10/body/PMC3075162_body.txt,2,male,0,0,not_found_auto,male,5,Case Report,0.2667,,
llama33,PMC3075162_body,/mnt/c/Research/textual-time-series-for-sepsis/new_analysis/chil2026_rebuttal/sepsis-40_l33_tts/PMC3075162_body.csv,/mnt/c/Research/textual-time-series-for-sepsis/chil_stts/sepsis-10/body/PMC3075162_body.txt,3,admitted to the hospital,0,0,not_found_auto,to the hospital,11,For that he was hospitalized for pain control with narcotics.,0.3733,,
llama33,PMC3075162_body,/mnt/c/Research/textual-time-series-for-sepsis/new_analysis/chil2026_rebuttal/sepsis-40_l33_tts/PMC3075162_body.csv,/mnt/c/Research/textual-time-series-for-sepsis/chil_stts/sepsis-10/body/PMC3075162_body.txt,57,stent pulled out,72,0,not_found_auto,stent pulled out,0,Introduction,0.2857,,
llama33,PMC4778217_body,/mnt/c/Research/textual-time-series-for-sepsis/new_analysis/chil2026_rebuttal/sepsis-40_l33_tts/PMC4778217_body.csv,/mnt/c/Research/textual-time-series-for-sepsis/chil_stts/sepsis-10/body/PMC4778217_body.txt,30,insulin started,72,0,not_found_auto,insulin started,0,Introduction,0.3704,,
llama33,PMC4778217_body,/mnt/c/Research/textual-time-series-for-sepsis/new_analysis/chil2026_rebuttal/sepsis-40_l33_tts/PMC4778217_body.csv,/mnt/c/Research/textual-time-series-for-sepsis/chil_stts/sepsis-10/body/PMC4778217_body.txt,50,linezolid stopped,120,0,not_found_auto,linezolid stopped,30,"Hence, both the drugs were stopped on the 2nd day.",0.3692,,
llama33,PMC4778217_body,/mnt/c/Research/textual-time-series-for-sepsis/new_analysis/chil2026_rebuttal/sepsis-40_l33_tts/PMC4778217_body.csv,/mnt/c/Research/textual-time-series-for-sepsis/chil_stts/sepsis-10/body/PMC4778217_body.txt,51,rasagiline stopped,120,0,not_found_auto,rasagiline stopped,4,Case Report,0.3448,,
llama33,PMC6238558_body,/mnt/c/Research/textual-time-series-for-sepsis/new_analysis/chil2026_rebuttal/sepsis-40_l33_tts/PMC6238558_body.csv,/mnt/c/Research/textual-time-series-for-sepsis/chil_stts/sepsis-10/body/PMC6238558_body.txt,3,admitted to the hospital,0,0,not_found_auto,to the hospital,71,Conflicts of interest,0.3889,,
llama33,PMC6238558_body,/mnt/c/Research/textual-time-series-for-sepsis/new_analysis/chil2026_rebuttal/sepsis-40_l33_tts/PMC6238558_body.csv,/mnt/c/Research/textual-time-series-for-sepsis/chil_stts/sepsis-10/body/PMC6238558_body.txt,23,malaria test negative,0,0,not_found_auto,malaria test negative,22,Other investigations done were normal.,0.3448,,
llama33,PMC6238558_body,/mnt/c/Research/textual-time-series-for-sepsis/new_analysis/chil2026_rebuttal/sepsis-40_l33_tts/PMC6238558_body.csv,/mnt/c/Research/textual-time-series-for-sepsis/chil_stts/sepsis-10/body/PMC6238558_body.txt,24,dengue test negative,0,0,not_found_auto,dengue test negative,22,Other investigations done were normal.,0.3509,,
llama33,PMC6238558_body,/mnt/c/Research/textual-time-series-for-sepsis/new_analysis/chil2026_rebuttal/sepsis-40_l33_tts/PMC6238558_body.csv,/mnt/c/Research/textual-time-series-for-sepsis/chil_stts/sepsis-10/body/PMC6238558_body.txt,25,typhoid test negative,0,0,not_found_auto,typhoid test negative,15,Scrub typhus antigen card was positive.,0.4407,,
llama33,PMC6238558_body,/mnt/c/Research/textual-time-series-for-sepsis/new_analysis/chil2026_rebuttal/sepsis-40_l33_tts/PMC6238558_body.csv,/mnt/c/Research/textual-time-series-for-sepsis/chil_stts/sepsis-10/body/PMC6238558_body.txt,26,leptospira test negative,0,0,not_found_auto,leptospira test negative,39,Table 1 Motor nerve conduction velocity,0.381,,
llama33,PMC6238558_body,/mnt/c/Research/textual-time-series-for-sepsis/new_analysis/chil2026_rebuttal/sepsis-40_l33_tts/PMC6238558_body.csv,/mnt/c/Research/textual-time-series-for-sepsis/chil_stts/sepsis-10/body/PMC6238558_body.txt,55,MRI of the cervical spine normal,96,0,not_found_auto,mri cervical spine normal,59,MRI cervical spine was done to rule out cervical myelopathy.,0.5714,,
llama33,PMC6238558_body,/mnt/c/Research/textual-time-series-for-sepsis/new_analysis/chil2026_rebuttal/sepsis-40_l33_tts/PMC6238558_body.csv,/mnt/c/Research/textual-time-series-for-sepsis/chil_stts/sepsis-10/body/PMC6238558_body.txt,59,albuminocytologic dissociation not present,96,0,not_found_auto,albuminocytologic dissociation not present,9,No history of drug addiction or intoxication was present.,0.4286,,
llama33,PMC7576661_body,/mnt/c/Research/textual-time-series-for-sepsis/new_analysis/chil2026_rebuttal/sepsis-40_l33_tts/PMC7576661_body.csv,/mnt/c/Research/textual-time-series-for-sepsis/chil_stts/sepsis-10/body/PMC7576661_body.txt,1,female,0,0,not_found_auto,female,24,Treatment,0.4,,
llama33,PMC7576661_body,/mnt/c/Research/textual-time-series-for-sepsis/new_analysis/chil2026_rebuttal/sepsis-40_l33_tts/PMC7576661_body.csv,/mnt/c/Research/textual-time-series-for-sepsis/chil_stts/sepsis-10/body/PMC7576661_body.txt,14,ionised calcium 0.78 mmol/L,4,0,not_found_auto,ionised calcium 0 78 mmol l,19,"Ionised calcium, mmol/L",0.898,,
llama33,PMC7576661_body,/mnt/c/Research/textual-time-series-for-sepsis/new_analysis/chil2026_rebuttal/sepsis-40_l33_tts/PMC7576661_body.csv,/mnt/c/Research/textual-time-series-for-sepsis/chil_stts/sepsis-10/body/PMC7576661_body.txt,19,intravenous medication,4,0,not_found_auto,intravenou medication,51,Discussion,0.3871,,
llama33,PMC7576661_body,/mnt/c/Research/textual-time-series-for-sepsis/new_analysis/chil2026_rebuttal/sepsis-40_l33_tts/PMC7576661_body.csv,/mnt/c/Research/textual-time-series-for-sepsis/chil_stts/sepsis-10/body/PMC7576661_body.txt,20,intravenous nutrition,4,0,not_found_auto,intravenous nutrition,51,Discussion,0.3871,,
llama33,PMC7576661_body,/mnt/c/Research/textual-time-series-for-sepsis/new_analysis/chil2026_rebuttal/sepsis-40_l33_tts/PMC7576661_body.csv,/mnt/c/Research/textual-time-series-for-sepsis/chil_stts/sepsis-10/body/PMC7576661_body.txt,21,weight loss 14 kg,120,0,not_found_auto,weight loss 14 kg,60,4.4 mmol IV 3x daily $1674,0.2857,,
llama33,PMC7576661_body,/mnt/c/Research/textual-time-series-for-sepsis/new_analysis/chil2026_rebuttal/sepsis-40_l33_tts/PMC7576661_body.csv,/mnt/c/Research/textual-time-series-for-sepsis/chil_stts/sepsis-10/body/PMC7576661_body.txt,29,ionised calcium measurement,28,0,not_found_auto,ionised calcium measurement,19,"Ionised calcium, mmol/L",0.7347,,
llama33,PMC7576661_body,/mnt/c/Research/textual-time-series-for-sepsis/new_analysis/chil2026_rebuttal/sepsis-40_l33_tts/PMC7576661_body.csv,/mnt/c/Research/textual-time-series-for-sepsis/chil_stts/sepsis-10/body/PMC7576661_body.txt,30,serum phosphate level 1.07 mmol/L,28,0,not_found_auto,serum phosphate level 1 07 mmol l,59,IV Calcium gluconate 4.4 mmol IV 5x daily,0.4324,,
llama33,PMC7576661_body,/mnt/c/Research/textual-time-series-for-sepsis/new_analysis/chil2026_rebuttal/sepsis-40_l33_tts/PMC7576661_body.csv,/mnt/c/Research/textual-time-series-for-sepsis/chil_stts/sepsis-10/body/PMC7576661_body.txt,45,hypothyroidism control,120,0,not_found_auto,hypothyroidism control,85,Author contribution statement,0.3922,,
llama33,PMC7576661_body,/mnt/c/Research/textual-time-series-for-sepsis/new_analysis/chil2026_rebuttal/sepsis-40_l33_tts/PMC7576661_body.csv,/mnt/c/Research/textual-time-series-for-sepsis/chil_stts/sepsis-10/body/PMC7576661_body.txt,51,weight 71.8 kg,744,0,not_found_auto,weight 71 8 kg,20,Reference Range 1.11–1.28,0.3077,,
llama33,PMC9136437_body,/mnt/c/Research/textual-time-series-for-sepsis/new_analysis/chil2026_rebuttal/sepsis-40_l33_tts/PMC9136437_body.csv,/mnt/c/Research/textual-time-series-for-sepsis/chil_stts/sepsis-10/body/PMC9136437_body.txt,43,improvement,240,0,not_found_auto,improvement,27,Imaging data.,0.3478,,
llama33,PMC9355071_body,/mnt/c/Research/textual-time-series-for-sepsis/new_analysis/chil2026_rebuttal/sepsis-40_l33_tts/PMC9355071_body.csv,/mnt/c/Research/textual-time-series-for-sepsis/chil_stts/sepsis-10/body/PMC9355071_body.txt,1,male,0,0,not_found_auto,male,90,Acknowledgments,0.3158,,
llama33,PMC9355071_body,/mnt/c/Research/textual-time-series-for-sepsis/new_analysis/chil2026_rebuttal/sepsis-40_l33_tts/PMC9355071_body.csv,/mnt/c/Research/textual-time-series-for-sepsis/chil_stts/sepsis-10/body/PMC9355071_body.txt,20,adrenaline administration,0,0,not_found_auto,adrenaline administration,3,Case Presentation,0.4762,,
llama33,PMC9355071_body,/mnt/c/Research/textual-time-series-for-sepsis/new_analysis/chil2026_rebuttal/sepsis-40_l33_tts/PMC9355071_body.csv,/mnt/c/Research/textual-time-series-for-sepsis/chil_stts/sepsis-10/body/PMC9355071_body.txt,21,resuscitation,0,0,not_found_auto,resuscitation,3,Case Presentation,0.6,,
llama33,PMC9355071_body,/mnt/c/Research/textual-time-series-for-sepsis/new_analysis/chil2026_rebuttal/sepsis-40_l33_tts/PMC9355071_body.csv,/mnt/c/Research/textual-time-series-for-sepsis/chil_stts/sepsis-10/body/PMC9355071_body.txt,25,acetaminophen administration,0,0,not_found_auto,acetaminophen administration,3,Case Presentation,0.4889,,
llama33,PMC9355071_body,/mnt/c/Research/textual-time-series-for-sepsis/new_analysis/chil2026_rebuttal/sepsis-40_l33_tts/PMC9355071_body.csv,/mnt/c/Research/textual-time-series-for-sepsis/chil_stts/sepsis-10/body/PMC9355071_body.txt,27,ST elevation improvement,0,0,not_found_auto,st elevation improvement,49,This is early repolarization pattern.,0.4667,,
llama33,PMC9355071_body,/mnt/c/Research/textual-time-series-for-sepsis/new_analysis/chil2026_rebuttal/sepsis-40_l33_tts/PMC9355071_body.csv,/mnt/c/Research/textual-time-series-for-sepsis/chil_stts/sepsis-10/body/PMC9355071_body.txt,29,septic shock suspicion,0,0,not_found_auto,septic shock suspicion,73,Conclusions,0.4848,,
llama33,PMC9355071_body,/mnt/c/Research/textual-time-series-for-sepsis/new_analysis/chil2026_rebuttal/sepsis-40_l33_tts/PMC9355071_body.csv,/mnt/c/Research/textual-time-series-for-sepsis/chil_stts/sepsis-10/body/PMC9355071_body.txt,30,tazobactam-piperacillin administration,0,0,not_found_auto,tazobactam piperacillin administration,17,We initiated tazobactam-piperacillin and vasopressors.,0.6374,,
llama33,PMC9355071_body,/mnt/c/Research/textual-time-series-for-sepsis/new_analysis/chil2026_rebuttal/sepsis-40_l33_tts/PMC9355071_body.csv,/mnt/c/Research/textual-time-series-for-sepsis/chil_stts/sepsis-10/body/PMC9355071_body.txt,31,vasopressors administration,0,0,not_found_auto,vasopressor administration,3,Case Presentation,0.6047,,
llama33,PMC9355071_body,/mnt/c/Research/textual-time-series-for-sepsis/new_analysis/chil2026_rebuttal/sepsis-40_l33_tts/PMC9355071_body.csv,/mnt/c/Research/textual-time-series-for-sepsis/chil_stts/sepsis-10/body/PMC9355071_body.txt,33,fever reoccurrence,120,0,not_found_auto,fever reoccurrence,3,Case Presentation,0.3429,,
llama33,PMC9355071_body,/mnt/c/Research/textual-time-series-for-sepsis/new_analysis/chil2026_rebuttal/sepsis-40_l33_tts/PMC9355071_body.csv,/mnt/c/Research/textual-time-series-for-sepsis/chil_stts/sepsis-10/body/PMC9355071_body.txt,35,meropenem administration,120,0,not_found_auto,meropenem administration,3,Case Presentation,0.4878,,
llama33,PMC9355071_body,/mnt/c/Research/textual-time-series-for-sepsis/new_analysis/chil2026_rebuttal/sepsis-40_l33_tts/PMC9355071_body.csv,/mnt/c/Research/textual-time-series-for-sepsis/chil_stts/sepsis-10/body/PMC9355071_body.txt,36,vancomycin administration,120,0,not_found_auto,vancomycin administration,0,pmcIntroduction,0.5,,
llama33,PMC9355071_body,/mnt/c/Research/textual-time-series-for-sepsis/new_analysis/chil2026_rebuttal/sepsis-40_l33_tts/PMC9355071_body.csv,/mnt/c/Research/textual-time-series-for-sepsis/chil_stts/sepsis-10/body/PMC9355071_body.txt,38,infection control,216,0,not_found_auto,infection control,86,Declaration of patient consent,0.4681,,
llama33,PMC9552858_body,/mnt/c/Research/textual-time-series-for-sepsis/new_analysis/chil2026_rebuttal/sepsis-40_l33_tts/PMC9552858_body.csv,/mnt/c/Research/textual-time-series-for-sepsis/chil_stts/sepsis-10/body/PMC9552858_body.txt,12,normal height,0,0,not_found_auto,normal height,267,ECHO Normal,0.5,,
llama33,PMC9552858_body,/mnt/c/Research/textual-time-series-for-sepsis/new_analysis/chil2026_rebuttal/sepsis-40_l33_tts/PMC9552858_body.csv,/mnt/c/Research/textual-time-series-for-sepsis/chil_stts/sepsis-10/body/PMC9552858_body.txt,13,normal weight,0,0,not_found_auto,normal weight,267,ECHO Normal,0.5,,
llama33,PMC9552858_body,/mnt/c/Research/textual-time-series-for-sepsis/new_analysis/chil2026_rebuttal/sepsis-40_l33_tts/PMC9552858_body.csv,/mnt/c/Research/textual-time-series-for-sepsis/chil_stts/sepsis-10/body/PMC9552858_body.txt,14,normal head circumference,0,0,not_found_auto,normal head circumference,274,Laboratory test Median (IQR) Reference,0.4262,,
llama33,PMC9552858_body,/mnt/c/Research/textual-time-series-for-sepsis/new_analysis/chil2026_rebuttal/sepsis-40_l33_tts/PMC9552858_body.csv,/mnt/c/Research/textual-time-series-for-sepsis/chil_stts/sepsis-10/body/PMC9552858_body.txt,15,normal temperature,0,0,not_found_auto,normal temperature,51,His temperature was 36.2°C.,0.5455,,
llama33,PMC9552858_body,/mnt/c/Research/textual-time-series-for-sepsis/new_analysis/chil2026_rebuttal/sepsis-40_l33_tts/PMC9552858_body.csv,/mnt/c/Research/textual-time-series-for-sepsis/chil_stts/sepsis-10/body/PMC9552858_body.txt,16,normal neurological examination,0,0,not_found_auto,normal neurological examination,52,The baby was neurologically fine.,0.5397,,
llama33,PMC9552858_body,/mnt/c/Research/textual-time-series-for-sepsis/new_analysis/chil2026_rebuttal/sepsis-40_l33_tts/PMC9552858_body.csv,/mnt/c/Research/textual-time-series-for-sepsis/chil_stts/sepsis-10/body/PMC9552858_body.txt,18,normal breath sounds,0,0,not_found_auto,normal breath sound,56,There was no organomegaly in the abdomen.,0.4068,,
llama33,PMC9552858_body,/mnt/c/Research/textual-time-series-for-sepsis/new_analysis/chil2026_rebuttal/sepsis-40_l33_tts/PMC9552858_body.csv,/mnt/c/Research/textual-time-series-for-sepsis/chil_stts/sepsis-10/body/PMC9552858_body.txt,33,elevated C-reactive protein,144,0,not_found_auto,elevated c reactive protein,265,Hepatitis C Negative,0.5106,,
llama33,PMC9552858_body,/mnt/c/Research/textual-time-series-for-sepsis/new_analysis/chil2026_rebuttal/sepsis-40_l33_tts/PMC9552858_body.csv,/mnt/c/Research/textual-time-series-for-sepsis/chil_stts/sepsis-10/body/PMC9552858_body.txt,36,stopped trophic feeding,216,0,not_found_auto,stopped trophic feeding,63,"On the third day, we used trophic feeding to give the baby breast milk.",0.413,,
llama33,PMC9552858_body,/mnt/c/Research/textual-time-series-for-sepsis/new_analysis/chil2026_rebuttal/sepsis-40_l33_tts/PMC9552858_body.csv,/mnt/c/Research/textual-time-series-for-sepsis/chil_stts/sepsis-10/body/PMC9552858_body.txt,38,weaned from CPAP,336,0,not_found_auto,weaned from cpap,256,Tandem MS Normal,0.375,,
llama33,PMC9552858_body,/mnt/c/Research/textual-time-series-for-sepsis/new_analysis/chil2026_rebuttal/sepsis-40_l33_tts/PMC9552858_body.csv,/mnt/c/Research/textual-time-series-for-sepsis/chil_stts/sepsis-10/body/PMC9552858_body.txt,52,normal ultrasonography,504,0,not_found_auto,normal ultrasonography,291,Declaration of Figures’ Authenticity,0.3793,,
llama33,PMC9552858_body,/mnt/c/Research/textual-time-series-for-sepsis/new_analysis/chil2026_rebuttal/sepsis-40_l33_tts/PMC9552858_body.csv,/mnt/c/Research/textual-time-series-for-sepsis/chil_stts/sepsis-10/body/PMC9552858_body.txt,53,declining albumin,504,0,not_found_auto,declining albumin,291,Declaration of Figures’ Authenticity,0.4528,,
llama33,PMC9552858_body,/mnt/c/Research/textual-time-series-for-sepsis/new_analysis/chil2026_rebuttal/sepsis-40_l33_tts/PMC9552858_body.csv,/mnt/c/Research/textual-time-series-for-sepsis/chil_stts/sepsis-10/body/PMC9552858_body.txt,55,elevated AST,504,0,not_found_auto,elevated ast,51,His temperature was 36.2°C.,0.4211,,
llama33,PMC9552858_body,/mnt/c/Research/textual-time-series-for-sepsis/new_analysis/chil2026_rebuttal/sepsis-40_l33_tts/PMC9552858_body.csv,/mnt/c/Research/textual-time-series-for-sepsis/chil_stts/sepsis-10/body/PMC9552858_body.txt,56,elevated ALT,504,0,not_found_auto,elevated alt,269,Eye examination Normal,0.4118,,
llama33,PMC9552858_body,/mnt/c/Research/textual-time-series-for-sepsis/new_analysis/chil2026_rebuttal/sepsis-40_l33_tts/PMC9552858_body.csv,/mnt/c/Research/textual-time-series-for-sepsis/chil_stts/sepsis-10/body/PMC9552858_body.txt,60,negative infectious workup,504,0,not_found_auto,negative infectiou workup,266,CMV Negative,0.4324,,
llama33,PMC9552858_body,/mnt/c/Research/textual-time-series-for-sepsis/new_analysis/chil2026_rebuttal/sepsis-40_l33_tts/PMC9552858_body.csv,/mnt/c/Research/textual-time-series-for-sepsis/chil_stts/sepsis-10/body/PMC9552858_body.txt,73,mechanical ventilation,936,0,not_found_auto,mechanical ventilation,218,Conclusions,0.4242,,
